Rank,Games Career,Games Team,Date,Team,Unnamed: 5_level_1,Opp,Result,DEC,MIN,Goals Against,Saves,Shots,Save Percentage,PIM,Games Played,A,PTS,Wins,GP,Goals Against Average,Win Percentage,Raw Score,Efficiency,Year
1,1,5,1992-04-27,NJD,@,NYR,L 5-8,0-1-0,32:04,3,12,15,0.8,0,0,0,0,0,1,3.0,0.0,77.0,38.5,1992
2,2,1,1994-04-17,NJD,,BUF,L 0-2,0-1-0,59:43,1,21,22,0.955,0,0,0,0,0,1,1.0,0.0,94.5,47.25,1994
3,3,2,1994-04-19,NJD,,BUF,W 2-1,1-0-0,59:55,1,23,24,0.958,0,0,0,0,1,1,1.0,1.0,194.8,97.4,1994
4,4,3,1994-04-21,NJD,@,BUF,W 2-1,1-0-0,60:00,1,29,30,0.967,0,0,0,0,1,1,1.0,1.0,195.7,97.85,1994
5,5,4,1994-04-23,NJD,@,BUF,L 3-5,0-1-0,59:36,5,25,30,0.833,0,0,0,0,0,1,5.0,0.0,78.3,39.15,1994
6,6,5,1994-04-25,NJD,,BUF,W 5-3,1-0-0,60:00,3,17,20,0.85,0,0,0,0,1,1,3.0,1.0,182.0,91.0,1994
7,7,6,1994-04-27,NJD,@,BUF,L 0-1 (OT),0-1-0,125:43,1,49,50,0.98,0,0,0,0,0,1,1.0,0.0,97.0,48.5,1994
8,8,7,1994-04-29,NJD,,BUF,W 2-1,1-0-0,60:00,1,17,18,0.944,0,0,0,0,1,1,1.0,1.0,193.39999999999998,96.69999999999999,1994
9,9,8,1994-05-01,NJD,,BOS,L 1-2,0-1-0,59:05,2,27,29,0.931,0,0,0,0,0,1,2.0,0.0,91.10000000000001,45.550000000000004,1994
10,10,9,1994-05-03,NJD,,BOS,L 5-6 (OT),0-1-0,68:41,6,21,27,0.778,0,0,0,0,0,1,6.0,0.0,71.8,35.9,1994
11,11,12,1994-05-09,NJD,,BOS,W 2-0,1-0-0,60:00,0,22,22,1.0,0,0,0,0,1,1,0.0,1.0,200.0,100.0,1994
12,12,14,1994-05-15,NJD,@,NYR,W 4-3 (OT),1-0-0,95:08,3,35,38,0.921,0,0,0,0,1,1,3.0,1.0,189.10000000000002,94.55000000000001,1994
13,13,15,1994-05-17,NJD,@,NYR,L 0-4,0-1-0,54:29,4,36,40,0.9,0,0,0,0,0,1,4.0,0.0,86.0,43.0,1994
14,14,16,1994-05-19,NJD,,NYR,L 2-3 (OT),0-1-0,86:13,3,47,50,0.94,0,0,0,0,0,1,3.0,0.0,91.0,45.5,1994
15,15,17,1994-05-21,NJD,,NYR,W 3-1,1-0-0,60:00,1,21,22,0.955,0,0,0,0,1,1,1.0,1.0,194.5,97.25,1994
16,16,18,1994-05-23,NJD,@,NYR,W 4-1,1-0-0,60:00,1,25,26,0.962,0,0,1,1,1,1,1.0,1.0,195.2,97.6,1994
17,17,19,1994-05-25,NJD,,NYR,L 2-4,0-1-0,58:44,3,32,35,0.914,0,0,0,0,0,1,3.0,0.0,88.4,44.2,1994
18,18,20,1994-05-27,NJD,@,NYR,L 1-2 (OT),0-1-0,83:23,2,46,48,0.958,0,0,0,0,0,1,2.0,0.0,93.8,46.9,1994
19,19,1,1995-05-07,NJD,@,BOS,W 5-0,1-0-0,60:00,0,23,23,1.0,0,0,1,1,1,1,0.0,1.0,200.0,100.0,1995
20,20,2,1995-05-08,NJD,@,BOS,W 3-0,1-0-0,60:00,0,23,23,1.0,0,0,0,0,1,1,0.0,1.0,200.0,100.0,1995
21,21,3,1995-05-10,NJD,,BOS,L 2-3,0-1-0,58:57,3,14,17,0.824,0,0,0,0,0,1,3.0,0.0,79.39999999999999,39.699999999999996,1995
22,22,4,1995-05-12,NJD,,BOS,W 1-0 (OT),1-0-0,68:51,0,38,38,1.0,0,0,,0,1,1,0.0,1.0,200.0,100.0,1995
23,23,5,1995-05-14,NJD,@,BOS,W 3-2,1-0-0,60:00,2,28,30,0.933,0,0,0,0,1,1,2.0,1.0,191.3,95.65,1995
24,24,6,1995-05-20,NJD,@,PIT,L 2-3,0-1-0,59:00,3,20,23,0.87,0,0,0,0,0,1,3.0,0.0,84.0,42.0,1995
25,25,7,1995-05-22,NJD,@,PIT,W 4-2,1-0-0,60:00,2,26,28,0.929,0,0,0,0,1,1,2.0,1.0,190.9,95.45,1995
26,26,8,1995-05-24,NJD,,PIT,W 5-1,1-0-0,60:00,1,21,22,0.955,0,0,0,0,1,1,1.0,1.0,194.5,97.25,1995
27,27,9,1995-05-26,NJD,,PIT,W 2-1 (OT),1-0-0,78:36,1,34,35,0.971,0,0,0,0,1,1,1.0,1.0,196.1,98.05,1995
28,28,10,1995-05-28,NJD,@,PIT,W 4-1,1-0-0,60:00,1,31,32,0.969,0,0,0,0,1,1,1.0,1.0,195.89999999999998,97.94999999999999,1995
29,29,11,1995-06-03,NJD,@,PHI,W 4-1,1-0-0,60:00,1,20,21,0.952,4,0,0,0,1,1,1.0,1.0,194.2,97.1,1995
30,30,12,1995-06-05,NJD,@,PHI,W 5-2,1-0-0,60:00,2,18,20,0.9,0,0,0,0,1,1,2.0,1.0,188.0,94.0,1995
31,31,13,1995-06-07,NJD,,PHI,L 2-3 (OT),0-1-0,64:19,3,22,25,0.88,0,0,0,0,0,1,3.0,0.0,85.0,42.5,1995
32,32,14,1995-06-10,NJD,,PHI,L 2-4,0-1-0,52:15,4,13,17,0.765,0,0,0,0,0,1,4.0,0.0,72.5,36.25,1995
33,33,15,1995-06-11,NJD,@,PHI,W 3-2,1-0-0,60:00,2,16,18,0.889,0,0,0,0,1,1,2.0,1.0,186.9,93.45,1995
34,34,16,1995-06-13,NJD,,PHI,W 4-2,1-0-0,60:00,2,14,16,0.875,0,0,0,0,1,1,2.0,1.0,185.5,92.75,1995
35,35,17,1995-06-17,NJD,@,DET,W 2-1,1-0-0,60:00,1,16,17,0.941,0,0,0,0,1,1,1.0,1.0,193.1,96.55,1995
36,36,18,1995-06-20,NJD,@,DET,W 4-2,1-0-0,60:00,2,16,18,0.889,2,0,0,0,1,1,2.0,1.0,186.9,93.45,1995
37,37,19,1995-06-22,NJD,,DET,W 5-2,1-0-0,60:00,2,22,24,0.917,0,0,0,0,1,1,2.0,1.0,189.7,94.85,1995
38,38,20,1995-06-24,NJD,,DET,W 5-2,1-0-0,60:00,2,14,16,0.875,0,0,0,0,1,1,2.0,1.0,185.5,92.75,1995
39,39,1,1997-04-17,NJD,,MTL,W 5-2,1-0-0,59:56,2,28,30,0.933,0,1,0,1,1,1,2.0,1.0,191.3,95.65,1997
40,40,2,1997-04-19,NJD,,MTL,W 4-1,1-0-0,59:57,1,21,22,0.955,0,0,0,0,1,1,1.0,1.0,194.5,97.25,1997
41,41,3,1997-04-22,NJD,@,MTL,W 6-4,1-0-0,60:00,4,21,25,0.84,0,0,0,0,1,1,4.0,1.0,180.0,90.0,1997
42,42,4,1997-04-24,NJD,@,MTL,L 3-4 (OT),0-1-0,107:15,4,37,41,0.902,0,0,0,0,0,1,4.0,0.0,86.2,43.1,1997
43,43,5,1997-04-26,NJD,,MTL,W 4-0,1-0-0,59:33,0,24,24,1.0,0,0,0,0,1,1,0.0,1.0,200.0,100.0,1997
44,44,6,1997-05-02,NJD,,NYR,W 2-0,1-0-0,60:00,0,21,21,1.0,0,0,0,0,1,1,0.0,1.0,200.0,100.0,1997
45,45,7,1997-05-04,NJD,,NYR,L 0-2,0-1-0,59:33,1,20,21,0.952,0,0,0,0,0,1,1.0,0.0,94.19999999999999,47.099999999999994,1997
46,46,8,1997-05-06,NJD,@,NYR,L 2-3,0-1-0,58:58,3,23,26,0.885,0,0,0,0,0,1,3.0,0.0,85.5,42.75,1997
47,47,9,1997-05-08,NJD,@,NYR,L 0-3,0-1-0,59:28,2,25,27,0.926,0,0,0,0,0,1,2.0,0.0,90.60000000000001,45.300000000000004,1997
48,48,10,1997-05-11,NJD,,NYR,L 1-2 (OT),0-1-0,74:08,2,29,31,0.935,0,0,0,0,0,1,2.0,0.0,91.5,45.75,1997
49,49,1,1998-04-22,NJD,,OTT,L 1-2 (OT),0-1-0,65:58,2,30,32,0.938,0,0,0,0,0,1,2.0,0.0,91.8,45.9,1998
50,50,2,1998-04-24,NJD,,OTT,W 3-1,1-0-0,60:00,1,27,28,0.964,0,0,0,0,1,1,1.0,1.0,195.39999999999998,97.69999999999999,1998
51,51,3,1998-04-26,NJD,@,OTT,L 1-2 (OT),0-1-0,62:47,2,21,23,0.913,0,0,0,0,0,1,2.0,0.0,89.3,44.65,1998
52,52,4,1998-04-28,NJD,@,OTT,L 3-4,0-1-0,58:23,4,24,28,0.857,0,0,0,0,0,1,4.0,0.0,81.7,40.85,1998
53,53,5,1998-04-30,NJD,,OTT,W 3-1,1-0-0,60:00,1,22,23,0.957,0,0,1,1,1,1,1.0,1.0,194.7,97.35,1998
54,54,6,1998-05-02,NJD,@,OTT,L 1-3,0-1-0,59:02,2,28,30,0.933,0,0,0,0,0,1,2.0,0.0,91.30000000000001,45.650000000000006,1998
55,55,1,1999-04-22,NJD,,PIT,W 3-1,1-0-0,60:00,1,24,25,0.96,0,0,0,0,1,1,1.0,1.0,195.0,97.5,1999
56,56,2,1999-04-24,NJD,,PIT,L 1-4,0-1-0,58:38,4,13,17,0.765,0,0,0,0,0,1,4.0,0.0,72.5,36.25,1999
57,57,3,1999-04-25,NJD,@,PIT,L 2-4,0-1-0,59:02,3,18,21,0.857,0,0,0,0,0,1,3.0,0.0,82.7,41.35,1999
58,58,4,1999-04-27,NJD,@,PIT,W 4-2,1-0-0,60:00,2,16,18,0.889,0,0,1,1,1,1,2.0,1.0,186.9,93.45,1999
59,59,5,1999-04-30,NJD,,PIT,W 4-3,1-0-0,59:57,3,14,17,0.824,2,0,1,1,1,1,3.0,1.0,179.39999999999998,89.69999999999999,1999
60,60,6,1999-05-02,NJD,@,PIT,L 2-3 (OT),0-1-0,68:59,3,25,28,0.893,0,0,0,0,0,1,3.0,0.0,86.3,43.15,1999
61,61,7,1999-05-04,NJD,,PIT,L 2-4,0-1-0,57:56,4,9,13,0.692,0,0,0,0,0,1,4.0,0.0,65.19999999999999,32.599999999999994,1999
62,62,1,2000-04-13,NJD,,FLA,W 4-3,1-0-0,60:00,3,20,23,0.87,0,0,0,0,1,1,3.0,1.0,184.0,92.0,2000
63,63,2,2000-04-16,NJD,,FLA,W 2-1,1-0-0,60:00,1,22,23,0.957,0,0,0,0,1,1,1.0,1.0,194.7,97.35,2000
64,64,3,2000-04-18,NJD,@,FLA,W 2-1,1-0-0,60:00,1,21,22,0.955,0,0,0,0,1,1,1.0,1.0,194.5,97.25,2000
65,65,4,2000-04-20,NJD,@,FLA,W 4-1,1-0-0,60:00,1,35,36,0.972,0,0,0,0,1,1,1.0,1.0,196.2,98.1,2000
66,66,5,2000-04-27,NJD,@,TOR,L 1-2,0-1-0,58:31,2,19,21,0.905,0,0,,0,0,1,2.0,0.0,88.5,44.25,2000
67,67,6,2000-04-29,NJD,@,TOR,W 1-0,1-0-0,60:00,0,20,20,1.0,2,0,,0,1,1,0.0,1.0,200.0,100.0,2000
68,68,7,2000-05-01,NJD,,TOR,W 5-1,1-0-0,60:00,1,22,23,0.957,0,0,0,0,1,1,1.0,1.0,194.7,97.35,2000
69,69,8,2000-05-03,NJD,,TOR,L 2-3,0-1-0,59:15,3,19,22,0.864,0,0,0,0,0,1,3.0,0.0,83.4,41.7,2000
70,70,9,2000-05-06,NJD,@,TOR,W 4-3,1-0-0,60:00,3,22,25,0.88,4,0,0,0,1,1,3.0,1.0,185.0,92.5,2000
71,71,10,2000-05-08,NJD,,TOR,W 3-0,1-0-0,60:00,0,6,6,1.0,0,0,0,0,1,1,0.0,1.0,200.0,100.0,2000
72,72,11,2000-05-14,NJD,@,PHI,W 4-1,1-0-0,60:00,1,35,36,0.972,0,0,0,0,1,1,1.0,1.0,196.2,98.1,2000
73,73,12,2000-05-16,NJD,@,PHI,L 3-4,0-1-0,58:48,4,26,30,0.867,0,0,0,0,0,1,4.0,0.0,82.7,41.35,2000
74,74,13,2000-05-18,NJD,,PHI,L 2-4,0-1-0,60:00,4,17,21,0.81,0,0,0,0,0,1,4.0,0.0,77.0,38.5,2000
75,75,14,2000-05-20,NJD,,PHI,L 1-3,0-1-0,59:09,3,18,21,0.857,2,0,0,0,0,1,3.0,0.0,82.7,41.35,2000
76,76,15,2000-05-22,NJD,@,PHI,W 4-1,1-0-0,60:00,1,20,21,0.952,0,0,0,0,1,1,1.0,1.0,194.2,97.1,2000
77,77,16,2000-05-24,NJD,,PHI,W 2-1,1-0-0,60:00,1,12,13,0.923,0,0,0,0,1,1,1.0,1.0,191.3,95.65,2000
78,78,17,2000-05-26,NJD,@,PHI,W 2-1,1-0-0,59:57,1,26,27,0.963,0,0,0,0,1,1,1.0,1.0,195.3,97.65,2000
79,79,18,2000-05-30,NJD,,DAL,W 7-3,1-0-0,60:00,3,15,18,0.833,0,0,0,0,1,1,3.0,1.0,180.3,90.15,2000
80,80,19,2000-06-01,NJD,,DAL,L 1-2,0-1-0,59:43,2,15,17,0.882,0,0,0,0,0,1,2.0,0.0,86.2,43.1,2000
81,81,20,2000-06-03,NJD,@,DAL,W 2-1,1-0-0,60:00,1,22,23,0.957,2,0,0,0,1,1,1.0,1.0,194.7,97.35,2000
82,82,21,2000-06-05,NJD,@,DAL,W 3-1,1-0-0,60:00,1,16,17,0.941,0,0,0,0,1,1,1.0,1.0,193.1,96.55,2000
83,83,22,2000-06-08,NJD,,DAL,L 0-1 (OT),0-1-0,106:21,1,40,41,0.976,0,0,0,0,0,1,1.0,0.0,96.6,48.3,2000
84,84,23,2000-06-10,NJD,@,DAL,W 2-1 (OT),1-0-0,88:20,1,30,31,0.968,0,0,0,0,1,1,1.0,1.0,195.8,97.9,2000
85,85,1,2001-04-12,NJD,,CAR,W 5-1,1-0-0,60:00,1,17,18,0.944,0,0,0,0,1,1,1.0,1.0,193.39999999999998,96.69999999999999,2001
86,86,2,2001-04-15,NJD,,CAR,W 2-0,1-0-0,60:00,0,18,18,1.0,0,0,0,0,1,1,0.0,1.0,200.0,100.0,2001
87,87,3,2001-04-17,NJD,@,CAR,W 4-0,1-0-0,60:00,0,16,16,1.0,0,0,0,0,1,1,0.0,1.0,200.0,100.0,2001
88,88,4,2001-04-18,NJD,@,CAR,L 2-3 (OT),0-1-0,60:40,3,30,33,0.909,0,0,0,0,0,1,3.0,0.0,87.9,43.95,2001
89,89,5,2001-04-20,NJD,,CAR,L 2-3,0-1-0,58:25,3,11,14,0.786,0,0,0,0,0,1,3.0,0.0,75.60000000000001,37.800000000000004,2001
90,90,6,2001-04-22,NJD,@,CAR,W 5-1,1-0-0,60:00,1,14,15,0.933,0,0,0,0,1,1,1.0,1.0,192.3,96.15,2001
91,91,7,2001-04-26,NJD,,TOR,L 0-2,0-1-0,58:56,2,15,17,0.882,0,0,0,0,0,1,2.0,0.0,86.2,43.1,2001
92,92,8,2001-04-28,NJD,,TOR,W 6-5 (OT),1-0-0,65:31,5,16,21,0.762,0,0,1,1,1,1,5.0,1.0,171.2,85.6,2001
93,93,9,2001-05-01,NJD,@,TOR,W 3-2 (OT),1-0-0,67:00,2,26,28,0.929,0,0,0,0,1,1,2.0,1.0,190.9,95.45,2001
94,94,10,2001-05-03,NJD,@,TOR,L 1-3,0-1-0,60:00,3,17,20,0.85,0,0,0,0,0,1,3.0,0.0,82.0,41.0,2001
95,95,11,2001-05-05,NJD,,TOR,L 2-3,0-1-0,59:45,3,17,20,0.85,0,0,0,0,0,1,3.0,0.0,82.0,41.0,2001
96,96,12,2001-05-07,NJD,@,TOR,W 4-2,1-0-0,59:58,2,24,26,0.923,0,0,0,0,1,1,2.0,1.0,190.3,95.15,2001
97,97,13,2001-05-09,NJD,,TOR,W 5-1,1-0-0,60:00,1,15,16,0.938,0,0,0,0,1,1,1.0,1.0,192.8,96.4,2001
98,98,14,2001-05-12,NJD,,PIT,W 3-1,1-0-0,60:00,1,14,15,0.933,0,0,0,0,1,1,1.0,1.0,192.3,96.15,2001
99,99,15,2001-05-15,NJD,,PIT,L 2-4,0-1-0,58:26,4,19,23,0.826,0,0,0,0,0,1,4.0,0.0,78.6,39.3,2001
100,100,16,2001-05-17,NJD,@,PIT,W 3-0,1-0-0,60:00,0,20,20,1.0,0,0,0,0,1,1,0.0,1.0,200.0,100.0,2001
101,101,17,2001-05-19,NJD,@,PIT,W 5-0,1-0-0,59:57,0,21,21,1.0,0,0,0,0,1,1,0.0,1.0,200.0,100.0,2001
102,102,18,2001-05-22,NJD,,PIT,W 4-2,1-0-0,60:00,2,18,20,0.9,0,0,0,0,1,1,2.0,1.0,188.0,94.0,2001
103,103,19,2001-05-26,NJD,@,COL,L 0-5,0-1-0,59:52,5,25,30,0.833,0,0,0,0,0,1,5.0,0.0,78.3,39.15,2001
104,104,20,2001-05-29,NJD,@,COL,W 2-1,1-0-0,60:00,1,19,20,0.95,0,0,0,0,1,1,1.0,1.0,194.0,97.0,2001
105,105,21,2001-05-31,NJD,,COL,L 1-3,0-1-0,58:10,3,18,21,0.857,0,0,0,0,0,1,3.0,0.0,82.7,41.35,2001
106,106,22,2001-06-02,NJD,,COL,W 3-2,1-0-0,60:00,2,10,12,0.833,0,0,0,0,1,1,2.0,1.0,181.3,90.65,2001
107,107,23,2001-06-04,NJD,@,COL,W 4-1,1-0-0,60:00,1,22,23,0.957,0,0,0,0,1,1,1.0,1.0,194.7,97.35,2001
108,108,24,2001-06-07,NJD,,COL,L 0-4,0-1-0,60:00,4,14,18,0.778,0,0,0,0,0,1,4.0,0.0,73.8,36.9,2001
109,109,25,2001-06-09,NJD,@,COL,L 1-3,0-1-0,58:03,3,19,22,0.864,0,0,0,0,0,1,3.0,0.0,83.4,41.7,2001
110,110,1,2002-04-17,NJD,@,CAR,L 1-2,0-1-0,58:47,2,15,17,0.882,0,0,0,0,0,1,2.0,0.0,86.2,43.1,2002
111,111,2,2002-04-19,NJD,@,CAR,L 1-2 (OT),0-1-0,75:26,2,26,28,0.929,0,0,0,0,0,1,2.0,0.0,90.9,45.45,2002
112,112,3,2002-04-21,NJD,,CAR,W 4-0,1-0-0,59:27,0,16,16,1.0,0,0,0,0,1,1,0.0,1.0,200.0,100.0,2002
113,113,4,2002-04-23,NJD,,CAR,W 3-1,1-0-0,60:00,1,23,24,0.958,0,0,0,0,1,1,1.0,1.0,194.8,97.4,2002
114,114,5,2002-04-24,NJD,@,CAR,L 2-3 (OT),0-1-0,68:16,3,35,38,0.921,0,0,0,0,0,1,3.0,0.0,89.10000000000001,44.550000000000004,2002
115,115,6,2002-04-27,NJD,,CAR,L 0-1,0-1-0,59:12,1,21,22,0.955,0,0,0,0,0,1,1.0,0.0,94.5,47.25,2002
116,116,1,2003-04-09,NJD,,BOS,W 2-1,1-0-0,59:56,1,26,27,0.963,0,0,0,0,1,1,1.0,1.0,195.3,97.65,2003
117,117,2,2003-04-11,NJD,,BOS,W 4-2,1-0-0,60:00,2,24,26,0.923,2,0,0,0,1,1,2.0,1.0,190.3,95.15,2003
118,118,3,2003-04-13,NJD,@,BOS,W 3-0,1-0-0,59:59,0,29,29,1.0,0,0,0,0,1,1,0.0,1.0,200.0,100.0,2003
119,119,4,2003-04-15,NJD,@,BOS,L 1-5,0-1-0,43:37,5,19,24,0.792,0,0,0,0,0,1,5.0,0.0,74.2,37.1,2003
120,120,5,2003-04-17,NJD,,BOS,W 3-0,1-0-0,60:00,0,28,28,1.0,0,0,0,0,1,1,0.0,1.0,200.0,100.0,2003
121,121,6,2003-04-24,NJD,,TBL,W 3-0,1-0-0,60:00,0,15,15,1.0,0,0,0,0,1,1,0.0,1.0,200.0,100.0,2003
122,122,7,2003-04-26,NJD,,TBL,W 3-2 (OT),1-0-0,62:02,2,26,28,0.929,0,0,0,0,1,1,2.0,1.0,190.9,95.45,2003
123,123,8,2003-04-28,NJD,@,TBL,L 3-4,0-1-0,59:19,4,25,29,0.862,0,0,0,0,0,1,4.0,0.0,82.2,41.1,2003
124,124,9,2003-04-30,NJD,@,TBL,W 3-1,1-0-0,60:00,1,25,26,0.962,0,0,0,0,1,1,1.0,1.0,195.2,97.6,2003
125,125,10,2003-05-02,NJD,,TBL,W 2-1 (OT),1-0-0,110:31,1,38,39,0.974,0,0,0,0,1,1,1.0,1.0,196.39999999999998,98.19999999999999,2003
126,126,11,2003-05-10,NJD,@,OTT,L 2-3 (OT),0-1-0,63:08,3,27,30,0.9,2,0,0,0,0,1,3.0,0.0,87.0,43.5,2003
127,127,12,2003-05-13,NJD,@,OTT,W 4-1,1-0-0,60:00,1,30,31,0.968,2,0,0,0,1,1,1.0,1.0,195.8,97.9,2003
128,128,13,2003-05-15,NJD,,OTT,W 1-0,1-0-0,60:00,0,24,24,1.0,0,0,,0,1,1,0.0,1.0,200.0,100.0,2003
129,129,14,2003-05-17,NJD,,OTT,W 5-2,1-0-0,59:56,2,26,28,0.929,0,0,0,0,1,1,2.0,1.0,190.9,95.45,2003
130,130,15,2003-05-19,NJD,@,OTT,L 1-3,0-1-0,60:00,3,15,18,0.833,0,0,0,0,0,1,3.0,0.0,80.3,40.15,2003
131,131,16,2003-05-21,NJD,,OTT,L 1-2 (OT),0-1-0,75:51,2,32,34,0.941,0,0,0,0,0,1,2.0,0.0,92.1,46.05,2003
132,132,17,2003-05-23,NJD,@,OTT,W 3-2,1-0-0,60:00,2,24,26,0.923,0,0,0,0,1,1,2.0,1.0,190.3,95.15,2003
133,133,18,2003-05-27,NJD,,MDA,W 3-0,1-0-0,60:00,0,16,16,1.0,0,0,1,1,1,1,0.0,1.0,200.0,100.0,2003
134,134,19,2003-05-29,NJD,,MDA,W 3-0,1-0-0,60:00,0,16,16,1.0,0,0,0,0,1,1,0.0,1.0,200.0,100.0,2003
135,135,20,2003-05-31,NJD,@,MDA,L 2-3 (OT),0-1-0,66:59,3,30,33,0.909,0,0,0,0,0,1,3.0,0.0,87.9,43.95,2003
136,136,21,2003-06-02,NJD,@,MDA,L 0-1 (OT),0-1-0,60:39,1,25,26,0.962,0,0,0,0,0,1,1.0,0.0,95.2,47.6,2003
137,137,22,2003-06-05,NJD,,MDA,W 6-3,1-0-0,60:00,3,20,23,0.87,0,0,0,0,1,1,3.0,1.0,184.0,92.0,2003
138,138,23,2003-06-07,NJD,@,MDA,L 2-5,0-1-0,48:37,5,17,22,0.773,0,0,0,0,0,1,5.0,0.0,72.3,36.15,2003
139,139,24,2003-06-09,NJD,,MDA,W 3-0,1-0-0,60:00,0,24,24,1.0,0,0,0,0,1,1,0.0,1.0,200.0,100.0,2003
140,140,1,2004-04-08,NJD,@,PHI,L 2-3,0-1-0,59:39,3,23,26,0.885,0,0,0,0,0,1,3.0,0.0,85.5,42.75,2004
141,141,2,2004-04-10,NJD,@,PHI,L 2-3,0-1-0,59:29,3,15,18,0.833,0,0,0,0,0,1,3.0,0.0,80.3,40.15,2004
142,142,3,2004-04-12,NJD,,PHI,W 4-2,1-0-0,59:52,2,23,25,0.92,0,0,0,0,1,1,2.0,1.0,190.0,95.0,2004
143,143,4,2004-04-14,NJD,,PHI,L 0-3,0-1-0,59:57,3,22,25,0.88,0,0,0,0,0,1,3.0,0.0,85.0,42.5,2004
144,144,5,2004-04-17,NJD,@,PHI,L 1-3,0-1-0,59:01,2,37,39,0.949,0,0,0,0,0,1,2.0,0.0,92.89999999999999,46.449999999999996,2004
145,145,1,2006-04-22,NJD,,NYR,W 6-1,1-0-0,59:30,1,29,30,0.967,0,0,0,0,1,1,1.0,1.0,195.7,97.85,2006
146,146,2,2006-04-24,NJD,,NYR,W 4-1,1-0-0,59:57,1,25,26,0.962,0,0,0,0,1,1,1.0,1.0,195.2,97.6,2006
147,147,3,2006-04-26,NJD,@,NYR,W 3-0,1-0-0,60:00,0,25,25,1.0,0,0,0,0,1,1,0.0,1.0,200.0,100.0,2006
148,148,4,2006-04-29,NJD,@,NYR,W 4-2,1-0-0,60:00,2,31,33,0.939,0,0,0,0,1,1,2.0,1.0,191.89999999999998,95.94999999999999,2006
149,149,5,2006-05-06,NJD,@,CAR,L 0-6,0-1-0,53:07,6,29,35,0.829,2,0,0,0,0,1,6.0,0.0,76.89999999999999,38.449999999999996,2006
150,150,6,2006-05-08,NJD,@,CAR,L 2-3 (OT),0-1-0,62:47,3,35,38,0.921,0,0,0,0,0,1,3.0,0.0,89.10000000000001,44.550000000000004,2006
151,151,7,2006-05-10,NJD,,CAR,L 2-3,0-1-0,58:19,3,21,24,0.875,0,0,0,0,0,1,3.0,0.0,84.5,42.25,2006
152,152,8,2006-05-13,NJD,,CAR,W 5-1,1-0-0,60:00,1,19,20,0.95,0,0,0,0,1,1,1.0,1.0,194.0,97.0,2006
153,153,9,2006-05-14,NJD,@,CAR,L 1-4,0-1-0,59:19,3,27,30,0.9,0,0,0,0,0,1,3.0,0.0,87.0,43.5,2006
154,154,1,2007-04-12,NJD,,TBL,W 5-3,1-0-0,60:00,3,23,26,0.885,0,0,0,0,1,1,3.0,1.0,185.5,92.75,2007
155,155,2,2007-04-14,NJD,,TBL,L 2-3,0-1-0,59:21,3,17,20,0.85,0,0,0,0,0,1,3.0,0.0,82.0,41.0,2007
156,156,3,2007-04-16,NJD,@,TBL,L 2-3,0-1-0,58:41,3,21,24,0.875,0,0,0,0,0,1,3.0,0.0,84.5,42.25,2007
157,157,4,2007-04-18,NJD,@,TBL,W 4-3 (OT),1-0-0,72:54,3,30,33,0.909,0,0,0,0,1,1,3.0,1.0,187.9,93.95,2007
158,158,5,2007-04-20,NJD,,TBL,W 3-0,1-0-0,60:00,0,31,31,1.0,0,0,0,0,1,1,0.0,1.0,200.0,100.0,2007
159,159,6,2007-04-22,NJD,@,TBL,W 3-2,1-0-0,60:00,2,32,34,0.941,0,0,0,0,1,1,2.0,1.0,192.1,96.05,2007
160,160,7,2007-04-26,NJD,,OTT,L 4-5,0-1-0,58:57,5,21,26,0.808,0,0,0,0,0,1,5.0,0.0,75.80000000000001,37.900000000000006,2007
161,161,8,2007-04-28,NJD,,OTT,W 3-2 (OT),1-0-0,81:55,2,43,45,0.956,0,0,0,0,1,1,2.0,1.0,193.6,96.8,2007
162,162,9,2007-04-30,NJD,@,OTT,L 0-2,0-1-0,59:13,1,32,33,0.97,0,0,0,0,0,1,1.0,0.0,96.0,48.0,2007
163,163,10,2007-05-02,NJD,@,OTT,L 2-3,0-1-0,58:39,3,33,36,0.917,0,0,1,1,0,1,3.0,0.0,88.7,44.35,2007
164,164,11,2007-05-05,NJD,,OTT,L 2-3,0-1-0,58:26,3,21,24,0.875,0,0,0,0,0,1,3.0,0.0,84.5,42.25,2007
165,165,1,2008-04-09,NJD,,NYR,L 1-4,0-1-0,58:47,3,24,27,0.889,0,0,0,0,0,1,3.0,0.0,85.9,42.95,2008
166,166,2,2008-04-11,NJD,,NYR,L 1-2,0-1-0,58:05,2,28,30,0.933,0,0,0,0,0,1,2.0,0.0,91.30000000000001,45.650000000000006,2008
167,167,3,2008-04-13,NJD,@,NYR,W 4-3 (OT),1-0-0,65:44,3,27,30,0.9,0,0,0,0,1,1,3.0,1.0,187.0,93.5,2008
168,168,4,2008-04-16,NJD,@,NYR,L 3-5,0-1-0,59:22,4,34,38,0.895,0,0,0,0,0,1,4.0,0.0,85.5,42.75,2008
169,169,5,2008-04-18,NJD,,NYR,L 3-5,0-1-0,59:00,4,18,22,0.818,0,0,0,0,0,1,4.0,0.0,77.8,38.9,2008
170,170,1,2009-04-15,NJD,,CAR,W 4-1,1-0-0,59:43,1,18,19,0.947,0,0,0,0,1,1,1.0,1.0,193.7,96.85,2009
171,171,2,2009-04-17,NJD,,CAR,L 1-2 (OT),0-1-0,62:40,2,30,32,0.938,0,0,0,0,0,1,2.0,0.0,91.8,45.9,2009
172,172,3,2009-04-19,NJD,@,CAR,W 3-2 (OT),1-0-0,64:58,2,28,30,0.933,2,0,0,0,1,1,2.0,1.0,191.3,95.65,2009
173,173,4,2009-04-21,NJD,@,CAR,L 3-4,0-1-0,59:58,4,42,46,0.913,0,0,0,0,0,1,4.0,0.0,87.3,43.65,2009
174,174,5,2009-04-23,NJD,,CAR,W 1-0,1-0-0,59:49,0,44,44,1.0,2,0,0,0,1,1,0.0,1.0,200.0,100.0,2009
175,175,6,2009-04-26,NJD,@,CAR,L 0-4,0-1-0,60:00,4,33,37,0.892,0,0,0,0,0,1,4.0,0.0,85.2,42.6,2009
176,176,7,2009-04-28,NJD,,CAR,L 3-4,0-1-0,59:33,4,27,31,0.871,0,0,0,0,0,1,4.0,0.0,83.1,41.55,2009
177,177,1,2010-04-14,NJD,,PHI,L 1-2,0-1-0,58:37,2,12,14,0.857,0,0,0,0,0,1,2.0,0.0,83.7,41.85,2010
178,178,2,2010-04-16,NJD,,PHI,W 5-3,1-0-0,59:50,3,26,29,0.897,0,0,0,0,1,1,3.0,1.0,186.7,93.35,2010
179,179,3,2010-04-18,NJD,@,PHI,L 2-3 (OT),0-1-0,63:34,3,31,34,0.912,0,0,0,0,0,1,3.0,0.0,88.2,44.1,2010
180,180,4,2010-04-20,NJD,@,PHI,L 1-4,0-1-0,60:00,4,24,28,0.857,0,0,0,0,0,1,4.0,0.0,81.7,40.85,2010
181,181,5,2010-04-22,NJD,,PHI,L 0-3,0-1-0,56:43,3,18,21,0.857,0,0,0,0,0,1,3.0,0.0,82.7,41.35,2010
182,182,1,2012-04-13,NJD,@,FLA,W 3-2,1-0-0,59:39,2,24,26,0.923,0,0,1,1,1,1,2.0,1.0,190.3,95.15,2012
183,183,2,2012-04-15,NJD,@,FLA,L 2-4,0-1-0,58:44,3,20,23,0.87,0,0,0,0,0,1,3.0,0.0,84.0,42.0,2012
184,184,3,2012-04-17,NJD,,FLA,L 3-4,0-0-0,22:18,3,9,12,0.75,0,0,0,0,0,1,3.0,0.0,72.0,36.0,2012
185,185,4,2012-04-19,NJD,,FLA,W 4-0,1-0-0,60:00,0,26,26,1.0,0,0,1,1,1,1,0.0,1.0,200.0,100.0,2012
186,186,5,2012-04-21,NJD,@,FLA,L 0-3,0-1-0,58:21,2,30,32,0.938,0,0,0,0,0,1,2.0,0.0,91.8,45.9,2012
187,187,6,2012-04-24,NJD,,FLA,W 3-2 (OT),1-0-0,65:39,2,14,16,0.875,0,0,0,0,1,1,2.0,1.0,185.5,92.75,2012
188,188,7,2012-04-26,NJD,@,FLA,W 3-2 (OT),1-0-0,83:43,2,43,45,0.956,0,0,0,0,1,1,2.0,1.0,193.6,96.8,2012
189,189,8,2012-04-29,NJD,@,PHI,L 3-4 (OT),0-1-0,64:36,4,32,36,0.889,0,0,0,0,0,1,4.0,0.0,84.9,42.45,2012
190,190,9,2012-05-01,NJD,@,PHI,W 4-1,1-0-0,59:59,1,19,20,0.95,0,0,0,0,1,1,1.0,1.0,194.0,97.0,2012
191,191,10,2012-05-03,NJD,,PHI,W 4-3 (OT),1-0-0,77:21,3,25,28,0.893,0,0,0,0,1,1,3.0,1.0,186.3,93.15,2012
192,192,11,2012-05-06,NJD,,PHI,W 4-2,1-0-0,60:00,2,20,22,0.909,0,0,1,1,1,1,2.0,1.0,188.9,94.45,2012
193,193,12,2012-05-08,NJD,@,PHI,W 3-1,1-0-0,60:00,1,27,28,0.964,0,0,0,0,1,1,1.0,1.0,195.39999999999998,97.69999999999999,2012
194,194,13,2012-05-14,NJD,@,NYR,L 0-3,0-1-0,58:41,2,25,27,0.926,0,0,0,0,0,1,2.0,0.0,90.60000000000001,45.300000000000004,2012
195,195,14,2012-05-16,NJD,@,NYR,W 3-2,1-0-0,60:00,2,23,25,0.92,0,0,0,0,1,1,2.0,1.0,190.0,95.0,2012
196,196,15,2012-05-19,NJD,,NYR,L 0-3,0-1-0,59:37,2,19,21,0.905,0,0,0,0,0,1,2.0,0.0,88.5,44.25,2012
197,197,16,2012-05-21,NJD,,NYR,W 4-1,1-0-0,59:59,1,28,29,0.966,0,0,1,1,1,1,1.0,1.0,195.6,97.8,2012
198,198,17,2012-05-23,NJD,@,NYR,W 5-3,1-0-0,60:00,3,25,28,0.893,0,0,0,0,1,1,3.0,1.0,186.3,93.15,2012
199,199,18,2012-05-25,NJD,,NYR,W 3-2 (OT),1-0-0,61:03,2,33,35,0.943,0,0,0,0,1,1,2.0,1.0,192.3,96.15,2012
200,200,19,2012-05-30,NJD,,LAK,L 1-2 (OT),0-1-0,68:13,2,23,25,0.92,0,0,0,0,0,1,2.0,0.0,90.0,45.0,2012
201,201,20,2012-06-02,NJD,,LAK,L 1-2 (OT),0-1-0,73:42,2,30,32,0.938,0,0,0,0,0,1,2.0,0.0,91.8,45.9,2012
202,202,21,2012-06-04,NJD,@,LAK,L 0-4,0-1-0,59:55,4,17,21,0.81,0,0,0,0,0,1,4.0,0.0,77.0,38.5,2012
203,203,22,2012-06-06,NJD,@,LAK,W 3-1,1-0-0,60:00,1,21,22,0.955,0,0,0,0,1,1,1.0,1.0,194.5,97.25,2012
204,204,23,2012-06-09,NJD,,LAK,W 2-1,1-0-0,60:00,1,25,26,0.962,0,0,0,0,1,1,1.0,1.0,195.2,97.6,2012
205,205,24,2012-06-11,NJD,@,LAK,L 1-6,0-1-0,59:24,5,19,24,0.792,0,0,0,0,0,1,5.0,0.0,74.2,37.1,2012
